자재명,브랜드,종류,규격,단위,재고,평균단가,사진경로,비고,위치
엔드밀,마끼다,절삭공구,Φ6mm,개,44,24374,,현장요청품,K-03-8
리머,디월트,절삭공구,Φ4mm,개,4,11776,,,P-10-3
차단기,서통,전기자재,50A,개,10,56743,,고객주문대응,F-17-7
평와셔,삼성볼트,볼트/너트,M6x20,봉,6354,985,,스텐사양,R-20-4
앙카볼트,유진볼트,볼트/너트,M16x80,봉,2853,369,,고객주문대응,J-21-3
앙카볼트,KBC,볼트/너트,M18x90,봉,5397,984,,스텐사양,O-15-8
가죽장갑,세아ESAB,용접자재,3.2mm,개,282,4143,,,S-12-4
안전장갑,3M,안전용품,L,개,91,67114,,,A-11-3
사포,보쉬,연마공구,80방,박스,19,10959,,현장요청품,C-11-6
드라이버세트,베셀,수공구,6인치,세트,47,16828,,재주문빈도높음,J-24-4
리머,디월트,절삭공구,8x75,세트,101,7383,,긴급출고대비,L-05-7
니들베어링,FAG,베어링,6201,개,131,72014,,,N-02-6
압착단자,대한전선,전기자재,4SQ,봉,39,116352,,,R-07-4
플랩디스크,노턴,연마공구,4인치,박스,15,15665,,재주문빈도높음,P-17-4
절단석,보쉬,연마공구,80방,박스,7,5110,,주력판매,M-07-5
탭,보쉬,절삭공구,Φ4mm,세트,89,6021,,스텐사양,H-08-3
평와셔,대한,볼트/너트,M6x1000,개,64,607,,납기주의,L-07-1
망치,토네,수공구,8인치,개,104,45467,,재주문빈도높음,P-17-4
실리콘호스,KPF,배관자재,1m,개,144,36360,,긴급출고대비,S-12-1
아이볼트,삼성볼트,볼트/너트,M18x90,개,484,615,,납기주의,A-11-8
니퍼,세신,수공구,12인치,개,60,61815,,스텐사양,N-24-5
스프링와셔,삼성볼트,볼트/너트,M10x30,개,539,1480,,방청처리,J-12-1
용접면,현대,용접자재,3.2mm,세트,26,10605,,고객주문대응,O-09-3
에어임팩,베스토,에어공구,10m,개,125,150790,,스텐사양,Q-15-1
디지털각도기,카프로,측정공구,1/2인치,세트,225,60032,,납기주의,Q-17-3
실린더,베스코,유압기기,20톤,세트,38,314463,,현장요청품,J-02-5
유압호스,베스코,유압기기,10톤,세트,15,353405,,,P-12-5
스프링와셔,삼성볼트,볼트/너트,M6x20,개,92,42,,긴급출고대비,F-02-6
윤활방청제,나바켐,케미칼,220ml,통,242,32293,,현장요청품,B-18-8
에어건,잉가솔랜드,에어공구,1/4인치,세트,21,240800,,현장요청품,P-04-3
나사고정제,WD-40,케미칼,360ml,개,49,19926,,재주문빈도높음,O-23-8
파츠클리너,불스원,케미칼,1L,통,24,13514,,방청처리,A-10-4
필로우블록,SKF,베어링,6202,세트,105,19909,,,M-21-4
육각너트,삼성볼트,볼트/너트,M12x50,개,62,343,,고객주문대응,R-18-3
에어임팩,토쿠,에어공구,10m,개,86,211106,,긴급출고대비,E-03-5
사포,3M,연마공구,60방,박스,5,522,,방청처리,O-02-4
전산볼트,유진볼트,볼트/너트,M6x1000,개,689,51,,납기주의,F-12-6
엔드밀,디월트,절삭공구,Φ6mm,세트,69,21154,,재주문빈도높음,D-14-3
부식제거제,나바켐,케미칼,4L,통,10,10540,,표준재고,E-02-6
스프링와셔,대한,볼트/너트,M12x50,봉,4716,749,,납기주의,D-04-1
깊은홈베어링,SKF,베어링,6305,세트,59,55324,,,B-22-8
안전장갑,K2,안전용품,260,켤레,114,49324,,스텐사양,B-24-8
나사고정제,불스원,케미칼,420ml,캔,8,32691,,스텐사양,Q-03-4
아이볼트,삼성볼트,볼트/너트,M6x20,봉,1454,1140,,표준재고,A-09-8
파츠클리너,록타이트,케미칼,1L,캔,6,13620,,긴급출고대비,M-20-5
평와셔,삼성볼트,볼트/너트,M16x80,개,544,60,,현장요청품,J-08-4
육각볼트,세아체결,볼트/너트,M6x20,개,655,666,,납기주의,D-04-2
버니어캘리퍼스,카프로,측정공구,40m,개,147,72491,,방청처리,G-21-8
파츠클리너,불스원,케미칼,4L,통,58,15990,,스텐사양,H-18-7
가죽장갑,현대,용접자재,3.2mm,세트,128,83298,,주력판매,F-11-6
유압잭,besko,유압기기,10톤,세트,17,298870,,현장요청품,C-09-7
육각너트,KBC,볼트/너트,M6x20,봉,1218,615,,재주문빈도높음,K-08-1
리머,와이지원,절삭공구,Φ10mm,세트,7,40076,,고객주문대응,D-19-4
디지털각도기,신콘,측정공구,150mm,세트,169,185590,,방청처리,S-08-7
케이블타이,LS,전기자재,100mm,봉,17,95194,,,E-13-5
드라이버세트,스탠리,수공구,6인치,세트,23,57948,,주력판매,S-03-4
파츠클리너,록타이트,케미칼,500ml,통,54,8220,,재주문빈도높음,E-23-8
방진마스크,K2,안전용품,XL,켤레,113,49137,,고객주문대응,G-11-7
에어건,베스토,에어공구,1/2인치,개,54,110496,,,E-09-4
홀쏘,마끼다,절삭공구,Φ6mm,세트,137,7774,,고객주문대응,R-06-1
원형톱,보쉬,전동공구,20V MAX,대,6,169467,,고객주문대응,E-06-6
육각볼트,유진볼트,볼트/너트,M6x20,개,1246,558,,,N-17-1
윤활방청제,불스원,케미칼,500ml,캔,16,6984,,,M-15-2
실린더,besko,유압기기,5톤,개,9,520941,,주력판매,R-07-2
토크렌치,미스토요,측정공구,10m,개,164,152842,,납기주의,O-14-4
아이볼트,대한,볼트/너트,M12x50,봉,4314,1422,,재주문빈도높음,G-13-6
전산볼트,삼성볼트,볼트/너트,M10x30,봉,3048,661,,표준재고,C-16-5
용접와이어,코리아웰드,용접자재,2.6mm,롤,43,29962,,납기주의,O-01-5
레이저레벨,카프로,측정공구,150mm,세트,39,10994,,현장요청품,F-24-5
깊은홈베어링,KOYO,베어링,6305,개,283,19592,,긴급출고대비,F-16-4
해머드릴,보쉬,전동공구,750W,세트,7,165096,,표준재고,O-08-8
에어건,잉가솔랜드,에어공구,3/8인치,세트,222,146259,,표준재고,R-15-8
충전드릴,계양,전동공구,750W,대,2,384602,,현장요청품,H-07-2
테이퍼베어링,SKF,베어링,6204,개,174,23937,,고객주문대응,F-16-8
압착단자,LS,전기자재,2.5SQ,개,61,57392,,긴급출고대비,S-07-8
평와셔,KBC,볼트/너트,M10x30,개,930,1346,,고객주문대응,B-09-7
앙카볼트,유진볼트,볼트/너트,M6x1000,개,488,1756,,주력판매,S-03-4
사포,보쉬,연마공구,120방,박스,2,14066,,,G-08-3
버니어캘리퍼스,미스토요,측정공구,300mm,개,30,35273,,,I-18-8
충전드릴,보쉬,전동공구,12V,대,14,214429,,주력판매,P-11-4
유압호스,에너팩,유압기기,20톤,개,44,324635,,현장요청품,C-12-3
실리콘호스,KPF,배관자재,2m,개,39,7883,,,D-19-7
사포,대성연마,연마공구,5인치,개,53,3789,,현장요청품,Q-19-8
용접와이어,현대,용접자재,3.2mm,개,1,32825,,긴급출고대비,Q-05-5
멀티탭,대한전선,전기자재,100mm,개,171,55771,,,G-11-3
필로우블록,KOYO,베어링,UCP205,세트,119,72699,,고객주문대응,K-08-5
연마석,노턴,연마공구,5인치,개,79,12371,,재주문빈도높음,P-10-1
육각볼트,KBC,볼트/너트,M12x50,봉,2331,1082,,표준재고,D-04-8
아이볼트,세아체결,볼트/너트,M12x50,봉,2747,1086,,방청처리,O-15-7
홀쏘,와이지원,절삭공구,Φ8mm,세트,119,34735,,,N-13-7
육각볼트,대한,볼트/너트,M6x1000,봉,1607,46,,,M-21-8
버니어캘리퍼스,블루버드,측정공구,150mm,개,135,95874,,재주문빈도높음,D-04-6
평와셔,삼성볼트,볼트/너트,M8,봉,6147,992,,스텐사양,O-05-6
보안경,3M,안전용품,L,개,75,13881,,,D-17-7
전선,3M,전기자재,4SQ,봉,44,43768,,긴급출고대비,N-22-4
버니어캘리퍼스,카프로,측정공구,5m,세트,60,62083,,스텐사양,N-07-1
니플,세진,배관자재,1m,롤,23,11709,,현장요청품,K-14-7
가죽장갑,현대,용접자재,1.2mm,세트,31,33350,,표준재고,M-17-8
멀티탭,대원전선,전기자재,20A,롤,17,6970,,주력판매,H-19-1
스프링와셔,KBC,볼트/너트,M6x20,봉,982,177,,,N-19-1
케이블타이,서통,전기자재,20A,롤,7,65297,,,C-22-7
방진마스크,3M,안전용품,260,개,146,37039,,,S-20-4
홀쏘,디월트,절삭공구,12x100,개,37,39947,,주력판매,O-10-5
엔드밀,디월트,절삭공구,Φ8mm,세트,27,41620,,재주문빈도높음,P-04-6
아이볼트,대한,볼트/너트,M6x1000,개,214,754,,방청처리,T-18-3
보안경,3M,안전용품,XL,켤레,11,44254,,방청처리,F-12-5
부식제거제,나바켐,케미칼,1L,캔,33,6532,,,D-04-2
아이볼트,유진볼트,볼트/너트,M6x20,봉,3374,350,,,F-01-1
윤활방청제,록타이트,케미칼,360ml,캔,103,15274,,재주문빈도높음,T-13-8
안전화,3M,안전용품,M,켤레,103,4449,,,S-15-3
압착단자,서통,전기자재,20A,개,20,55448,,표준재고,F-17-7
버니어캘리퍼스,미스토요,측정공구,1/2인치,세트,84,34184,,,D-12-5
유압잭,besko,유압기기,2m,개,22,52626,,스텐사양,G-22-3
사포,대성연마,연마공구,60방,개,110,6260,,,O-18-7
부식제거제,불스원,케미칼,220ml,개,163,35929,,,R-13-1
임팩드라이버,보쉬,전동공구,18V,세트,16,209658,,현장요청품,Q-05-2
육각볼트,삼성볼트,볼트/너트,M8,봉,4733,955,,납기주의,L-12-5
플랩디스크,노턴,연마공구,120방,박스,29,2082,,표준재고,G-17-1
용접와이어,세아ESAB,용접자재,3.2mm,세트,77,40963,,스텐사양,C-01-3
몽키스패너,스탠리,수공구,10인치,개,58,59670,,재주문빈도높음,O-02-8
줄자,신콘,측정공구,150mm,세트,56,110437,,현장요청품,M-10-8
니들베어링,SKF,베어링,30205,개,193,2862,,고객주문대응,O-06-4
깊은홈베어링,KOYO,베어링,30205,개,170,25234,,,F-05-3
케이블타이,3M,전기자재,2.5SQ,봉,9,23265,,방청처리,H-24-5
실리콘호스,세진,배관자재,1m,롤,44,38073,,,S-19-1
PVC파이프,대한파이프,배관자재,20A,롤,3,39084,,스텐사양,D-07-2
육각볼트,세아체결,볼트/너트,M6x1000,봉,1468,241,,긴급출고대비,C-22-5
몽키스패너,세신,수공구,10인치,개,21,13295,,,O-01-1
드라이버세트,스탠리,수공구,10인치,개,82,48413,,납기주의,Q-04-4
콤프레서호스,SP에어,에어공구,1/2인치,세트,50,76217,,스텐사양,S-17-4
아이볼트,KBC,볼트/너트,M18x90,개,1407,174,,,L-10-2
에어건,잉가솔랜드,에어공구,10m,개,10,182704,,,D-23-2
나사고정제,나바켐,케미칼,1L,캔,190,7941,,,C-18-8
그라인더,계양,전동공구,18V,세트,19,399690,,긴급출고대비,I-16-7
차단기,LS,전기자재,4SQ,롤,35,44809,,납기주의,P-02-6
사포,노턴,연마공구,80방,박스,49,9365,,긴급출고대비,N-21-2
플라이어,스탠리,수공구,6인치,세트,81,42855,,고객주문대응,E-10-1
임팩드라이버,밀워키,전동공구,18V,대,11,234261,,납기주의,M-22-7
용접와이어,코리아웰드,용접자재,0.9mm,세트,46,74374,,긴급출고대비,I-14-4
절단석,보쉬,연마공구,60방,박스,20,10304,,,H-07-2
실리콘실란트,WD-40,케미칼,220ml,개,13,38228,,재주문빈도높음,B-08-4
멀티탭,LS,전기자재,100mm,개,2,49455,,,R-13-5
실리콘실란트,불스원,케미칼,360ml,캔,148,11934,,긴급출고대비,J-02-5
해머드릴,디월트,전동공구,750W,세트,24,335620,,고객주문대응,P-18-8
아이볼트,세아체결,볼트/너트,M6x1000,개,248,1469,,재주문빈도높음,J-15-2
압착단자,3M,전기자재,100mm,봉,6,109236,,고객주문대응,B-05-7
실리콘호스,KPF,배관자재,15A,롤,2,34603,,재주문빈도높음,R-14-5
리머,디월트,절삭공구,Φ8mm,세트,59,27050,,고객주문대응,E-06-8
안전화,3M,안전용품,XL,개,56,50047,,스텐사양,I-18-5
아이볼트,KBC,볼트/너트,M12x50,개,279,699,,,B-03-8
육각볼트,대한,볼트/너트,M6x20,개,1240,1688,,긴급출고대비,G-18-8
케이블타이,대원전선,전기자재,20A,롤,4,101408,,스텐사양,B-23-8
파츠클리너,나바켐,케미칼,220ml,통,16,3631,,방청처리,S-03-7
유압호스,베스코,유압기기,3m,개,34,146449,,방청처리,M-12-3
연마석,대성연마,연마공구,5인치,박스,46,14197,,긴급출고대비,K-24-1
니들베어링,FAG,베어링,30205,개,172,5537,,,E-20-8
줄자,미스토요,측정공구,10m,세트,166,105227,,주력판매,G-17-2
볼밸브,KPF,배관자재,40A,롤,2,25229,,스텐사양,C-13-5
플라이어,세신,수공구,6인치,개,49,3180,,납기주의,H-23-6
엔드밀,와이지원,절삭공구,8x75,세트,62,23456,,고객주문대응,E-10-7
니플,세진,배관자재,25A,개,36,43226,,,M-23-6
실리콘호스,세진,배관자재,2m,롤,4,19648,,긴급출고대비,P-05-3
부식제거제,나바켐,케미칼,420ml,캔,37,22070,,표준재고,F-08-7
디지털각도기,카프로,측정공구,40m,개,27,171652,,주력판매,B-04-2
나사고정제,불스원,케미칼,360ml,캔,106,39524,,방청처리,H-20-4
나사고정제,나바켐,케미칼,4L,통,15,36952,,스텐사양,R-11-1
엘보,세진,배관자재,25A,롤,27,45723,,방청처리,L-22-4
PVC파이프,세진,배관자재,3m,롤,51,9942,,,C-10-1
원형톱,밀워키,전동공구,950W,세트,16,214313,,현장요청품,T-12-5
홀쏘,보쉬,절삭공구,Φ6mm,개,44,36261,,긴급출고대비,N-23-7
케이블타이,서통,전기자재,2.5SQ,개,117,52773,,현장요청품,N-21-3
실린더,에너팩,유압기기,2m,세트,21,393208,,긴급출고대비,P-24-6
케이블타이,3M,전기자재,100mm,개,271,18566,,재주문빈도높음,C-03-6
나사고정제,록타이트,케미칼,4L,캔,103,32325,,납기주의,K-16-1
임팩드라이버,마끼다,전동공구,12V,대,20,391776,,표준재고,H-15-4
탭,디월트,절삭공구,12x100,세트,98,24518,,고객주문대응,O-08-6
방진마스크,네파세이프티,안전용품,270,박스,4,21545,,표준재고,D-14-7
토크렌치,신콘,측정공구,150mm,개,114,45835,,납기주의,R-07-2
실리콘실란트,불스원,케미칼,4L,통,87,27757,,재주문빈도높음,N-11-1
압착단자,대한전선,전기자재,50A,봉,15,76973,,주력판매,I-17-3
부식제거제,록타이트,케미칼,1L,개,107,23124,,,H-17-4
육각볼트,유진볼트,볼트/너트,M12x50,개,194,1462,,긴급출고대비,D-07-4
부식제거제,록타이트,케미칼,420ml,개,121,14521,,긴급출고대비,K-01-6
에어임팩,잉가솔랜드,에어공구,10m,세트,114,118629,,,A-23-2
에어건,토쿠,에어공구,1/4인치,세트,165,51930,,납기주의,K-22-7
에어라쳇,베스토,에어공구,1/2인치,세트,202,99132,,,B-07-3
보안경,유한킴벌리,안전용품,M,개,135,52398,,주력판매,H-22-5
니퍼,스탠리,수공구,6인치,세트,79,32667,,재주문빈도높음,M-16-4
에어건,토쿠,에어공구,3/8인치,개,173,148174,,고객주문대응,O-04-7
절단석,3M,연마공구,80방,박스,7,13210,,방청처리,C-08-1
원형톱,밀워키,전동공구,18V,세트,32,193241,,긴급출고대비,N-21-6
멀티탭,대원전선,전기자재,1.5SQ,봉,37,117608,,고객주문대응,N-22-7
차단기,서통,전기자재,2.5SQ,롤,29,58430,,주력판매,P-11-7
아이볼트,세아체결,볼트/너트,M6x20,개,741,384,,주력판매,O-22-7
육각볼트,유진볼트,볼트/너트,M8,봉,1921,553,,,N-22-5
윤활방청제,나바켐,케미칼,500ml,캔,73,16956,,납기주의,T-04-6
플라이어,베셀,수공구,세트,개,44,54822,,방청처리,E-03-8
몽키스패너,세신,수공구,8인치,개,126,3834,,스텐사양,C-15-5
스프링와셔,세아체결,볼트/너트,M6x20,개,501,1286,,납기주의,S-07-8
앙카볼트,KBC,볼트/너트,M16x80,개,1416,141,,현장요청품,A-04-8
콤프레서호스,토쿠,에어공구,1/2인치,개,164,35487,,표준재고,P-12-7
방진마스크,K2,안전용품,260,박스,18,64142,,재주문빈도높음,O-16-6
안전장갑,K2,안전용품,XL,개,8,68146,,,P-05-7
실리콘실란트,록타이트,케미칼,420ml,캔,213,20987,,,F-06-7
실린더,에너팩,유압기기,3m,세트,27,356568,,납기주의,Q-23-5
전선,LS,전기자재,1.5SQ,봉,6,76735,,현장요청품,R-09-4
토크렌치,블루버드,측정공구,150mm,개,131,66387,,방청처리,F-22-7
유압잭,besko,유압기기,2톤,개,19,479500,,방청처리,D-17-1
볼밸브,KPF,배관자재,25A,개,17,44038,,고객주문대응,C-02-3
용접봉,세아ESAB,용접자재,4.0mm,세트,21,8660,,방청처리,K-24-8
해머드릴,보쉬,전동공구,12V,대,17,495945,,재주문빈도높음,K-07-7
실린더,besko,유압기기,2톤,대,32,258622,,방청처리,P-03-7
에어라쳇,토쿠,에어공구,10m,개,41,285713,,고객주문대응,H-15-3
레이저레벨,카프로,측정공구,1/2인치,개,43,52283,,,O-24-7
드라이버세트,토네,수공구,12인치,개,158,61013,,고객주문대응,S-01-7
연마석,3M,연마공구,60방,박스,23,4794,,현장요청품,I-22-7
원형톱,디월트,전동공구,12V,대,34,339388,,,Q-08-3
엘보,KPF,배관자재,15A,개,51,16814,,방청처리,D-02-3
해머드릴,밀워키,전동공구,12V,세트,3,381382,,고객주문대응,S-24-4
엔드밀,보쉬,절삭공구,Φ6mm,개,27,7700,,주력판매,B-11-3
PVC파이프,대한파이프,배관자재,1m,개,130,11775,,방청처리,S-13-2
플랩디스크,3M,연마공구,60방,개,76,8259,,스텐사양,G-06-3
플라이어,세신,수공구,12인치,개,3,13122,,재주문빈도높음,L-07-4
아이볼트,유진볼트,볼트/너트,M18x90,봉,1198,1309,,스텐사양,M-13-8
임팩드라이버,밀워키,전동공구,750W,세트,11,223354,,긴급출고대비,T-13-8
스프링와셔,삼성볼트,볼트/너트,M6x1000,개,103,497,,표준재고,J-02-8
드릴비트,디월트,절삭공구,Φ4mm,개,59,1539,,스텐사양,L-16-4
에어건,SP에어,에어공구,10m,개,63,224359,,스텐사양,G-24-5
버니어캘리퍼스,카프로,측정공구,150mm,세트,83,122491,,,C-01-5
케이블타이,서통,전기자재,4SQ,개,88,46181,,,F-18-1
토크렌치,카프로,측정공구,40m,개,23,69295,,납기주의,N-11-6
유압호스,besko,유압기기,5톤,대,14,205709,,방청처리,B-13-7
전산볼트,KBC,볼트/너트,M10x30,개,622,351,,고객주문대응,S-10-8
절단석,3M,연마공구,60방,박스,9,4363,,납기주의,O-09-4
토크렌치,카프로,측정공구,300mm,개,241,180473,,주력판매,I-21-8
육각볼트,유진볼트,볼트/너트,M16x80,봉,3928,572,,재주문빈도높음,N-13-2
그라인더,밀워키,전동공구,750W,세트,19,358413,,납기주의,Q-04-3
에어임팩,SP에어,에어공구,1/4인치,개,9,114588,,스텐사양,K-11-3
에어라쳇,베스토,에어공구,1/4인치,세트,110,71261,,방청처리,N-19-8
차단기,3M,전기자재,50A,롤,64,4739,,표준재고,N-17-6
줄자,미스토요,측정공구,40m,개,97,70310,,표준재고,F-23-5
해머드릴,보쉬,전동공구,20V MAX,대,4,384122,,주력판매,O-24-2
PVC파이프,세진,배관자재,20A,개,56,11365,,현장요청품,A-02-5
엘보,대한파이프,배관자재,25A,개,216,40084,,현장요청품,F-24-5
버니어캘리퍼스,신콘,측정공구,40m,개,121,17346,,재주문빈도높음,S-10-8
용접봉,코리아웰드,용접자재,4.0mm,개,31,5251,,납기주의,B-09-5
방진마스크,K2,안전용품,270,박스,43,73893,,현장요청품,J-18-3
원형톱,디월트,전동공구,950W,세트,11,269580,,납기주의,E-24-1
플랩디스크,보쉬,연마공구,80방,박스,1,7211,,고객주문대응,P-04-1
플라이어,스탠리,수공구,12인치,개,106,54876,,고객주문대응,P-05-1
충전드릴,디월트,전동공구,20V MAX,대,22,463943,,고객주문대응,M-04-4
임팩드라이버,보쉬,전동공구,750W,세트,5,225904,,납기주의,H-05-8
디지털각도기,미스토요,측정공구,10m,개,335,185786,,방청처리,F-23-2
절단석,노턴,연마공구,4인치,개,165,12683,,납기주의,L-05-8
실리콘호스,대한파이프,배관자재,40A,롤,2,27185,,방청처리,G-21-3
케이블타이,LS,전기자재,2.5SQ,롤,39,20324,,긴급출고대비,O-08-3
부식제거제,WD-40,케미칼,4L,개,79,9980,,스텐사양,F-11-6
니들베어링,KOYO,베어링,6201,세트,83,3867,,스텐사양,K-12-3
유압잭,베스코,유압기기,3m,대,22,92656,,주력판매,Q-19-2
케이블타이,3M,전기자재,4SQ,봉,7,71725,,납기주의,O-12-4
파츠클리너,WD-40,케미칼,420ml,캔,77,37309,,주력판매,S-19-6
PVC파이프,KPF,배관자재,20A,롤,25,5428,,,E-22-2
용접면,고려용접봉,용접자재,3.2mm,롤,1,51534,,표준재고,R-19-8
줄자,신콘,측정공구,10m,개,45,54231,,표준재고,D-16-6
디지털각도기,신콘,측정공구,5m,개,124,190798,,납기주의,B-18-7
차단기,대원전선,전기자재,50A,개,196,87308,,재주문빈도높음,E-10-1
니들베어링,SKF,베어링,6202,세트,143,11700,,스텐사양,Q-22-4
평와셔,세아체결,볼트/너트,M12x50,개,107,1462,,방청처리,R-02-2
전산볼트,삼성볼트,볼트/너트,M12x50,봉,2829,100,,표준재고,P-08-2
그라인더,밀워키,전동공구,18V,세트,17,164948,,현장요청품,M-07-1
버니어캘리퍼스,미스토요,측정공구,150mm,세트,156,37387,,긴급출고대비,I-12-6
해머드릴,밀워키,전동공구,20V MAX,대,32,92642,,재주문빈도높음,F-23-5
앙카볼트,대한,볼트/너트,M10x30,개,1803,1021,,현장요청품,N-24-8
보안경,유한킴벌리,안전용품,270,켤레,133,9256,,,E-17-3
유압호스,베스코,유압기기,20톤,세트,1,181727,,방청처리,L-22-4
사포,노턴,연마공구,5인치,박스,28,13220,,납기주의,I-04-7
깊은홈베어링,NSK,베어링,6201,개,6,62658,,방청처리,M-06-8
아이볼트,유진볼트,볼트/너트,M10x30,개,751,626,,표준재고,L-08-5
차단기,대한전선,전기자재,4SQ,롤,13,85292,,표준재고,C-16-3
망치,베셀,수공구,12인치,개,296,45712,,방청처리,M-07-6
용접와이어,코리아웰드,용접자재,4.0mm,롤,6,72474,,주력판매,Q-21-2
연마석,노턴,연마공구,120방,개,176,3834,,,B-18-4
줄자,카프로,측정공구,40m,세트,97,137810,,방청처리,C-07-2
용접와이어,고려용접봉,용접자재,4.0mm,세트,54,56178,,현장요청품,I-09-5
육각너트,KBC,볼트/너트,M10x30,봉,3533,1651,,납기주의,M-10-3
레이저레벨,신콘,측정공구,5m,개,10,173733,,스텐사양,E-22-4
홀쏘,디월트,절삭공구,Φ10mm,세트,18,15698,,방청처리,C-08-7
망치,스탠리,수공구,6인치,세트,9,21343,,재주문빈도높음,P-08-7
망치,토네,수공구,12인치,개,102,32782,,납기주의,I-06-7
전산볼트,삼성볼트,볼트/너트,M8,개,534,1639,,긴급출고대비,A-06-8
토크렌치,카프로,측정공구,5m,세트,69,125930,,재주문빈도높음,O-16-2
깊은홈베어링,FAG,베어링,6201,세트,118,74231,,표준재고,N-22-5
파츠클리너,나바켐,케미칼,500ml,개,120,22732,,재주문빈도높음,F-16-8
압착단자,3M,전기자재,4SQ,롤,26,23544,,현장요청품,O-06-3
레이저레벨,카프로,측정공구,5m,세트,210,66798,,납기주의,I-14-4
전선,서통,전기자재,4SQ,봉,2,11780,,주력판매,O-02-3
압착단자,서통,전기자재,50A,개,144,99744,,,L-24-2
가죽장갑,코리아웰드,용접자재,2.6mm,개,77,61151,,,P-09-4
필로우블록,NSK,베어링,UCP205,개,103,53940,,,Q-24-1
케이블타이,대원전선,전기자재,4SQ,롤,33,92384,,주력판매,H-11-4
평와셔,세아체결,볼트/너트,M18x90,개,35,959,,고객주문대응,C-07-2
실리콘호스,대한파이프,배관자재,3m,개,71,49489,,표준재고,L-16-1
망치,토네,수공구,10인치,세트,41,56659,,재주문빈도높음,Q-22-6
엔드밀,와이지원,절삭공구,12x100,세트,320,1373,,납기주의,B-17-6
레이저레벨,블루버드,측정공구,300mm,세트,2,105820,,현장요청품,F-21-2
홀쏘,보쉬,절삭공구,Φ8mm,개,15,11740,,현장요청품,A-21-6
레이저레벨,블루버드,측정공구,150mm,세트,1,102126,,방청처리,G-11-2
엘보,세진,배관자재,2m,롤,6,24497,,표준재고,K-08-7
그라인더,마끼다,전동공구,950W,세트,22,204631,,표준재고,B-02-7
윤활방청제,WD-40,케미칼,420ml,통,43,31764,,,T-24-6
실린더,베스코,유압기기,10톤,세트,12,504773,,긴급출고대비,M-11-3
토크렌치,신콘,측정공구,5m,세트,141,85167,,스텐사양,T-12-6
디지털각도기,카프로,측정공구,150mm,개,210,150933,,재주문빈도높음,A-10-8
보안경,K2,안전용품,260,개,314,36257,,현장요청품,N-12-4
홀쏘,와이지원,절삭공구,Φ10mm,세트,70,1692,,,G-01-8
멀티탭,3M,전기자재,100mm,롤,7,67964,,스텐사양,O-14-1
가죽장갑,세아ESAB,용접자재,자동차광,개,23,68456,,긴급출고대비,B-13-8
몽키스패너,스탠리,수공구,8인치,개,46,5703,,긴급출고대비,M-12-8
전산볼트,KBC,볼트/너트,M6x20,개,331,1461,,긴급출고대비,A-09-3
탭,와이지원,절삭공구,Φ10mm,세트,75,21498,,주력판매,G-10-6
니퍼,토네,수공구,8인치,세트,15,46647,,,O-23-5
원형톱,보쉬,전동공구,18V,대,10,235101,,긴급출고대비,T-11-4
드릴비트,마끼다,절삭공구,Φ10mm,세트,21,24681,,재주문빈도높음,F-17-3
그라인더,밀워키,전동공구,950W,세트,17,174447,,긴급출고대비,F-10-5
줄자,신콘,측정공구,300mm,개,110,20241,,현장요청품,R-17-8
PVC파이프,대한파이프,배관자재,3m,롤,30,1663,,방청처리,N-01-2
유압호스,베스코,유압기기,2m,세트,33,318516,,주력판매,O-19-7
탭,디월트,절삭공구,8x75,개,224,35056,,재주문빈도높음,G-23-2
몽키스패너,세신,수공구,세트,세트,12,52976,,,N-15-5
유압호스,베스코,유압기기,2톤,개,36,76239,,고객주문대응,D-07-8
안전화,K2,안전용품,M,켤레,5,3702,,고객주문대응,D-11-1
플랩디스크,보쉬,연마공구,5인치,박스,17,392,,현장요청품,C-11-1
멀티탭,대한전선,전기자재,20A,롤,12,18682,,재주문빈도높음,L-18-4
앙카볼트,대한,볼트/너트,M16x80,개,884,1495,,현장요청품,H-16-7
플랩디스크,대성연마,연마공구,80방,박스,7,12345,,고객주문대응,M-13-3
아이볼트,대한,볼트/너트,M16x80,개,248,716,,방청처리,E-23-3
아이볼트,세아체결,볼트/너트,M8,개,47,694,,표준재고,I-08-2
해머드릴,디월트,전동공구,18V,대,33,146376,,,G-04-5
원형톱,보쉬,전동공구,950W,대,51,165131,,긴급출고대비,B-09-1
안전장갑,유한킴벌리,안전용품,L,켤레,124,10437,,표준재고,F-06-5
차단기,대원전선,전기자재,1.5SQ,개,116,67471,,고객주문대응,K-05-8
가죽장갑,현대,용접자재,자동차광,롤,30,89232,,고객주문대응,J-04-3
해머드릴,밀워키,전동공구,950W,대,16,254268,,방청처리,N-07-7
앙카볼트,세아체결,볼트/너트,M10x30,개,180,1579,,납기주의,M-16-5
원형톱,보쉬,전동공구,12V,대,2,275213,,현장요청품,L-13-1
앙카볼트,유진볼트,볼트/너트,M8,개,276,1265,,방청처리,B-15-3
임팩드라이버,밀워키,전동공구,12V,세트,27,343048,,현장요청품,S-09-5
에어임팩,잉가솔랜드,에어공구,1/2인치,세트,126,215063,,,E-17-7
충전드릴,보쉬,전동공구,950W,세트,31,74614,,,O-11-8
부식제거제,록타이트,케미칼,220ml,개,132,23317,,,J-09-6
PVC파이프,KPF,배관자재,2m,개,58,3054,,고객주문대응,A-11-3
부식제거제,WD-40,케미칼,500ml,개,93,28042,,,J-21-7
육각볼트,유진볼트,볼트/너트,M6x1000,개,176,702,,,E-22-7
안전장갑,K2,안전용품,270,개,7,57166,,,T-12-4
전선,서통,전기자재,100mm,봉,7,74695,,재주문빈도높음,E-22-4
니들베어링,FAG,베어링,UCP205,세트,53,45122,,재주문빈도높음,S-07-5
보안경,3M,안전용품,M,개,65,70302,,재주문빈도높음,P-14-5
안전화,네파세이프티,안전용품,L,개,147,65444,,방청처리,D-22-1
탭,마끼다,절삭공구,12x100,세트,100,19189,,납기주의,G-12-7
케이블타이,대한전선,전기자재,2.5SQ,봉,17,12144,,,G-22-7
테이퍼베어링,NSK,베어링,6201,세트,47,25853,,고객주문대응,A-19-2
용접와이어,고려용접봉,용접자재,2.6mm,롤,1,92228,,,Q-21-4
토크렌치,신콘,측정공구,10m,개,48,146234,,현장요청품,N-17-7
아이볼트,대한,볼트/너트,M6x20,봉,2409,716,,재주문빈도높음,P-12-3
윤활방청제,불스원,케미칼,1L,통,19,29456,,주력판매,I-16-3
연마석,3M,연마공구,5인치,개,323,2434,,,O-08-5
해머드릴,밀워키,전동공구,750W,세트,16,260694,,재주문빈도높음,G-03-7
버니어캘리퍼스,블루버드,측정공구,1/2인치,개,226,61738,,표준재고,C-16-7
니플,세진,배관자재,20A,개,117,33788,,방청처리,E-13-8
용접봉,현대,용접자재,자동차광,롤,62,75391,,현장요청품,H-01-4
줄자,블루버드,측정공구,150mm,개,195,138867,,방청처리,D-09-3
용접와이어,세아ESAB,용접자재,1.2mm,세트,87,27499,,스텐사양,P-21-2
임팩드라이버,마끼다,전동공구,750W,세트,13,481656,,재주문빈도높음,O-23-7
윤활방청제,WD-40,케미칼,500ml,통,100,31084,,재주문빈도높음,N-01-2
스프링와셔,유진볼트,볼트/너트,M18x90,개,500,491,,고객주문대응,K-23-6
절단석,노턴,연마공구,5인치,박스,6,7642,,,K-12-5
플라이어,토네,수공구,6인치,개,33,57163,,방청처리,O-06-6
앙카볼트,KBC,볼트/너트,M6x1000,봉,1328,204,,주력판매,K-06-5
전산볼트,KBC,볼트/너트,M12x50,개,496,264,,스텐사양,P-14-4
니퍼,스탠리,수공구,10인치,세트,266,32681,,현장요청품,M-07-3
가죽장갑,고려용접봉,용접자재,4.0mm,롤,2,43803,,스텐사양,E-12-4
원형톱,마끼다,전동공구,750W,대,16,205504,,재주문빈도높음,P-12-3
유압잭,에너팩,유압기기,2톤,개,41,113876,,현장요청품,H-15-2
테이퍼베어링,NSK,베어링,6202,세트,41,33319,,표준재고,E-01-8
리머,마끼다,절삭공구,8x75,개,197,15978,,고객주문대응,G-10-8
나사고정제,불스원,케미칼,4L,개,16,24284,,고객주문대응,P-18-5
용접와이어,고려용접봉,용접자재,1.2mm,개,100,32237,,스텐사양,I-12-7
PVC파이프,세진,배관자재,1m,롤,20,43015,,주력판매,B-11-2
디지털각도기,신콘,측정공구,10m,세트,87,48090,,,L-05-6
해머드릴,디월트,전동공구,950W,세트,10,390472,,긴급출고대비,C-04-8
실리콘실란트,나바켐,케미칼,360ml,개,142,32432,,긴급출고대비,L-19-8
멀티탭,서통,전기자재,100mm,봉,8,92344,,,O-01-8
필로우블록,FAG,베어링,6201,개,222,28835,,방청처리,D-12-7
그라인더,보쉬,전동공구,950W,대,11,178621,,주력판매,S-17-1
연마석,대성연마,연마공구,60방,박스,15,13260,,현장요청품,P-11-3
실린더,베스코,유압기기,5톤,대,34,306584,,긴급출고대비,N-14-5
드라이버세트,스탠리,수공구,8인치,개,15,56759,,방청처리,D-01-5
전산볼트,유진볼트,볼트/너트,M10x30,봉,2529,65,,납기주의,G-23-4
실리콘호스,세진,배관자재,15A,개,16,23942,,스텐사양,L-02-1
보안경,유한킴벌리,안전용품,XL,개,20,53749,,표준재고,B-09-5
파츠클리너,나바켐,케미칼,420ml,캔,34,41535,,현장요청품,E-24-2
커터날,와이지원,절삭공구,Φ10mm,세트,60,39199,,방청처리,Q-17-2
케이블타이,LS,전기자재,20A,롤,34,10205,,방청처리,Q-20-4
전산볼트,대한,볼트/너트,M10x30,개,957,1201,,주력판매,P-10-8
홀쏘,와이지원,절삭공구,12x100,세트,144,31288,,긴급출고대비,A-14-4
용접봉,현대,용접자재,4.0mm,개,80,44006,,,C-03-7
니퍼,베셀,수공구,8인치,세트,22,57797,,긴급출고대비,S-04-8
테이퍼베어링,NSK,베어링,UCP205,개,3,15275,,,A-01-6
실린더,에너팩,유압기기,20톤,대,14,451676,,고객주문대응,O-24-6
용접봉,세아ESAB,용접자재,2.6mm,세트,35,77692,,,I-02-7
멀티탭,3M,전기자재,20A,봉,1,46734,,표준재고,I-19-1
테이퍼베어링,KOYO,베어링,6305,세트,84,72119,,긴급출고대비,I-10-5
전선,대원전선,전기자재,4SQ,봉,15,73567,,,T-21-1
디지털각도기,카프로,측정공구,5m,개,355,94321,,,O-22-1
니들베어링,SKF,베어링,UCP205,개,201,80661,,재주문빈도높음,Q-03-3
아이볼트,삼성볼트,볼트/너트,M16x80,봉,4691,209,,주력판매,K-23-3
탭,보쉬,절삭공구,Φ8mm,개,103,31533,,고객주문대응,B-05-3
줄자,카프로,측정공구,150mm,세트,28,40201,,,M-11-6
멀티탭,대원전선,전기자재,50A,롤,20,73873,,고객주문대응,B-03-7
깊은홈베어링,KOYO,베어링,6202,개,17,46605,,현장요청품,E-17-7
임팩드라이버,디월트,전동공구,18V,대,4,340090,,주력판매,N-10-8
볼밸브,KPF,배관자재,3m,롤,10,22358,,재주문빈도높음,O-06-8
해머드릴,계양,전동공구,750W,세트,27,452953,,,I-04-8
니들베어링,KOYO,베어링,6204,세트,131,18017,,고객주문대응,N-07-3
육각볼트,삼성볼트,볼트/너트,M6x1000,봉,153,566,,납기주의,S-05-3
안전화,네파세이프티,안전용품,260,켤레,43,11174,,표준재고,O-20-7
니플,KPF,배관자재,25A,개,131,2776,,,T-10-6
나사고정제,불스원,케미칼,220ml,통,201,33670,,납기주의,M-14-4
플라이어,세신,수공구,세트,세트,68,50198,,방청처리,E-05-1
아이볼트,유진볼트,볼트/너트,M6x1000,봉,1224,656,,재주문빈도높음,N-21-4
육각너트,대한,볼트/너트,M18x90,봉,3306,1784,,현장요청품,H-03-8
부식제거제,불스원,케미칼,360ml,캔,300,31955,,고객주문대응,M-21-6
니플,대한파이프,배관자재,25A,롤,9,47557,,방청처리,F-24-8
임팩드라이버,계양,전동공구,12V,세트,32,70204,,방청처리,P-23-2
육각너트,유진볼트,볼트/너트,M6x1000,개,106,799,,표준재고,N-14-4
탭,와이지원,절삭공구,8x75,개,116,8641,,표준재고,B-17-6
그라인더,마끼다,전동공구,12V,세트,20,470797,,긴급출고대비,D-19-5
줄자,미스토요,측정공구,300mm,개,15,110513,,주력판매,C-17-5
방진마스크,K2,안전용품,M,박스,7,21269,,,D-13-6
레이저레벨,미스토요,측정공구,150mm,개,317,190561,,긴급출고대비,J-10-4
육각너트,삼성볼트,볼트/너트,M18x90,봉,358,472,,,S-22-7
원형톱,밀워키,전동공구,750W,대,15,181811,,긴급출고대비,I-13-8
안전장갑,유한킴벌리,안전용품,270,개,252,16929,,스텐사양,F-11-7
용접봉,코리아웰드,용접자재,3.2mm,세트,17,91832,,,K-03-6
안전화,K2,안전용품,270,박스,10,71499,,납기주의,Q-01-8
용접면,현대,용접자재,0.9mm,세트,145,10520,,고객주문대응,G-16-6
에어임팩,잉가솔랜드,에어공구,1/4인치,세트,56,208479,,표준재고,B-03-4
안전장갑,유한킴벌리,안전용품,260,박스,56,52887,,현장요청품,G-06-4
엔드밀,보쉬,절삭공구,12x100,세트,9,40461,,긴급출고대비,Q-06-5
테이퍼베어링,SKF,베어링,6201,세트,10,34336,,,K-21-6
실리콘실란트,불스원,케미칼,500ml,캔,74,32119,,스텐사양,F-03-5
육각볼트,삼성볼트,볼트/너트,M10x30,개,1195,1093,,주력판매,O-12-5
줄자,블루버드,측정공구,300mm,세트,25,174843,,고객주문대응,M-09-8
줄자,블루버드,측정공구,5m,개,4,187547,,고객주문대응,H-18-1
커터날,디월트,절삭공구,Φ10mm,세트,20,30580,,재주문빈도높음,K-22-6
방진마스크,3M,안전용품,L,개,258,11507,,표준재고,L-09-5
용접봉,고려용접봉,용접자재,3.2mm,세트,3,35663,,주력판매,A-08-3
멀티탭,대원전선,전기자재,100mm,개,193,58854,,재주문빈도높음,I-15-1
아이볼트,삼성볼트,볼트/너트,M6x1000,개,161,817,,표준재고,M-21-1
망치,세신,수공구,8인치,세트,27,64363,,현장요청품,I-22-7
윤활방청제,WD-40,케미칼,4L,개,47,29572,,재주문빈도높음,I-05-4
엔드밀,디월트,절삭공구,8x75,개,10,12083,,주력판매,J-17-4
테이퍼베어링,FAG,베어링,6202,세트,21,21057,,긴급출고대비,D-07-7
볼밸브,KPF,배관자재,2m,롤,1,36161,,고객주문대응,C-20-6
사포,노턴,연마공구,60방,개,3,12768,,납기주의,A-23-4
플라이어,베셀,수공구,10인치,개,29,39156,,,A-13-7
유압잭,베스코,유압기기,10톤,개,14,181005,,납기주의,E-06-5
안전화,K2,안전용품,XL,개,91,51262,,표준재고,B-24-4
스프링와셔,유진볼트,볼트/너트,M8,개,774,728,,납기주의,M-22-2
케이블타이,대한전선,전기자재,100mm,봉,28,18926,,고객주문대응,M-15-4
엔드밀,마끼다,절삭공구,12x100,세트,13,23071,,방청처리,I-06-7
레이저레벨,미스토요,측정공구,1/2인치,개,244,81415,,긴급출고대비,P-13-1
니플,대한파이프,배관자재,1m,개,30,33037,,스텐사양,P-17-7
탭,와이지원,절삭공구,Φ8mm,세트,52,12984,,스텐사양,E-06-7
콤프레서호스,SP에어,에어공구,3/8인치,개,17,103217,,표준재고,K-06-3
테이퍼베어링,KOYO,베어링,6201,개,12,30073,,,J-08-1
엔드밀,보쉬,절삭공구,8x75,개,120,36152,,긴급출고대비,E-06-7
충전드릴,마끼다,전동공구,750W,대,19,304604,,,I-04-1
방진마스크,K2,안전용품,L,켤레,154,52821,,주력판매,C-22-8
가죽장갑,세아ESAB,용접자재,2.6mm,세트,25,85398,,긴급출고대비,K-17-7
필로우블록,SKF,베어링,30205,개,124,44412,,주력판매,I-09-1
에어라쳇,SP에어,에어공구,3/8인치,세트,107,227408,,,O-02-7
엔드밀,마끼다,절삭공구,Φ10mm,세트,105,18725,,현장요청품,J-08-6
압착단자,3M,전기자재,2.5SQ,롤,30,13984,,재주문빈도높음,H-17-6
앙카볼트,대한,볼트/너트,M6x20,개,1437,1122,,표준재고,L-21-3
육각너트,대한,볼트/너트,M10x30,봉,4693,1248,,표준재고,C-07-2
실린더,besko,유압기기,10톤,대,40,281988,,긴급출고대비,M-08-6
사포,3M,연마공구,120방,박스,11,6175,,고객주문대응,B-14-3
윤활방청제,록타이트,케미칼,220ml,통,277,35921,,고객주문대응,H-18-8
케이블타이,LS,전기자재,50A,봉,22,50708,,표준재고,Q-21-6
전산볼트,유진볼트,볼트/너트,M16x80,개,439,975,,재주문빈도높음,S-11-3
PVC파이프,세진,배관자재,15A,개,233,29487,,방청처리,L-12-1
압착단자,LS,전기자재,100mm,봉,34,85220,,,R-09-7
압착단자,대원전선,전기자재,50A,롤,58,27296,,재주문빈도높음,A-19-8
드릴비트,마끼다,절삭공구,12x100,개,251,42438,,스텐사양,B-22-4
연마석,3M,연마공구,80방,박스,8,4284,,표준재고,T-15-4
깊은홈베어링,SKF,베어링,30205,개,83,44950,,,O-09-3
사포,3M,연마공구,4인치,박스,26,4602,,납기주의,G-07-4
스프링와셔,세아체결,볼트/너트,M12x50,봉,144,1222,,,S-19-6
실리콘호스,대한파이프,배관자재,2m,롤,50,27773,,방청처리,T-03-1
평와셔,유진볼트,볼트/너트,M16x80,봉,12,657,,고객주문대응,C-06-1
플라이어,베셀,수공구,8인치,개,90,11838,,표준재고,N-04-8
아이볼트,삼성볼트,볼트/너트,M12x50,개,583,351,,스텐사양,E-11-2
실리콘호스,대한파이프,배관자재,20A,개,60,31328,,긴급출고대비,R-12-3
절단석,보쉬,연마공구,5인치,개,1,9912,,주력판매,K-13-5
멀티탭,서통,전기자재,1.5SQ,개,19,105585,,현장요청품,L-15-1
볼밸브,KPF,배관자재,1m,개,109,2880,,주력판매,L-11-2
플라이어,스탠리,수공구,세트,개,40,21631,,,D-21-5
부식제거제,불스원,케미칼,4L,캔,64,32858,,주력판매,A-20-4
안전장갑,3M,안전용품,XL,개,14,3055,,,L-24-2
리머,보쉬,절삭공구,Φ8mm,세트,112,18564,,스텐사양,B-02-3
유압호스,베스코,유압기기,5톤,세트,15,382549,,,A-24-5
디지털각도기,블루버드,측정공구,5m,개,69,126434,,긴급출고대비,K-19-3
에어라쳇,토쿠,에어공구,1/2인치,개,52,244881,,,O-09-2
압착단자,3M,전기자재,1.5SQ,개,37,36676,,표준재고,B-07-2
에어라쳇,토쿠,에어공구,3/8인치,세트,95,215456,,방청처리,O-13-5
용접면,세아ESAB,용접자재,1.2mm,롤,24,53378,,고객주문대응,O-10-1
실린더,에너팩,유압기기,5톤,대,19,396189,,고객주문대응,R-02-4
파츠클리너,불스원,케미칼,420ml,개,218,14813,,방청처리,I-08-2
해머드릴,밀워키,전동공구,18V,세트,1,209699,,스텐사양,H-08-2
드릴비트,보쉬,절삭공구,12x100,세트,11,37293,,재주문빈도높음,E-15-8
테이퍼베어링,SKF,베어링,UCP205,개,52,51178,,표준재고,F-13-7
충전드릴,마끼다,전동공구,12V,대,14,212023,,재주문빈도높음,P-21-7
파츠클리너,록타이트,케미칼,220ml,개,9,3636,,,C-23-3
필로우블록,FAG,베어링,UCP205,세트,284,61457,,주력판매,H-09-5
원형톱,마끼다,전동공구,950W,대,45,355920,,긴급출고대비,K-09-2
용접면,현대,용접자재,2.6mm,개,177,9757,,고객주문대응,S-24-8
전선,대한전선,전기자재,2.5SQ,봉,68,38494,,스텐사양,J-19-4
스프링와셔,KBC,볼트/너트,M10x30,개,442,562,,재주문빈도높음,A-17-5
레이저레벨,카프로,측정공구,40m,개,61,164606,,재주문빈도높음,A-11-6
전선,3M,전기자재,50A,봉,14,119565,,,G-06-6
엘보,KPF,배관자재,40A,개,35,36686,,재주문빈도높음,B-22-8
멀티탭,LS,전기자재,4SQ,롤,26,85178,,현장요청품,E-05-2
실리콘호스,세진,배관자재,40A,롤,40,30090,,납기주의,B-05-3
에어건,잉가솔랜드,에어공구,1/2인치,개,195,93337,,고객주문대응,D-15-3
줄자,미스토요,측정공구,1/2인치,개,38,128188,,,E-18-8
충전드릴,마끼다,전동공구,18V,세트,28,77913,,재주문빈도높음,A-19-7
에어건,베스토,에어공구,1/4인치,개,39,238769,,스텐사양,K-13-4
용접와이어,현대,용접자재,2.6mm,개,6,3871,,주력판매,H-10-4
임팩드라이버,마끼다,전동공구,18V,대,4,461368,,재주문빈도높음,G-09-2
전산볼트,삼성볼트,볼트/너트,M16x80,봉,3702,1309,,고객주문대응,D-09-8
가죽장갑,세아ESAB,용접자재,4.0mm,개,174,70393,,,Q-08-2
가죽장갑,코리아웰드,용접자재,1.2mm,롤,19,48645,,방청처리,G-16-8
방진마스크,네파세이프티,안전용품,260,개,28,47337,,긴급출고대비,E-18-1
홀쏘,디월트,절삭공구,Φ4mm,개,147,15423,,,A-09-1
홀쏘,보쉬,절삭공구,12x100,개,33,10529,,고객주문대응,L-09-1
스프링와셔,유진볼트,볼트/너트,M6x20,개,459,185,,방청처리,P-11-1
PVC파이프,대한파이프,배관자재,15A,개,126,1312,,납기주의,K-16-7
임팩드라이버,밀워키,전동공구,20V MAX,대,17,367794,,방청처리,A-03-1
망치,베셀,수공구,10인치,개,280,24601,,재주문빈도높음,C-20-4
용접면,현대,용접자재,4.0mm,세트,181,85589,,,S-02-5
망치,토네,수공구,6인치,개,73,4005,,방청처리,R-15-5
앙카볼트,삼성볼트,볼트/너트,M10x30,개,194,1394,,방청처리,P-14-5
육각볼트,대한,볼트/너트,M18x90,봉,1515,1510,,스텐사양,G-12-6
아이볼트,KBC,볼트/너트,M16x80,봉,1432,931,,방청처리,D-12-6
절단석,대성연마,연마공구,120방,박스,24,15181,,,A-09-4
에어건,SP에어,에어공구,1/2인치,개,94,204494,,긴급출고대비,T-22-4
필로우블록,KOYO,베어링,6204,개,245,34773,,납기주의,S-23-3
사포,보쉬,연마공구,4인치,개,7,4764,,,N-01-5
앙카볼트,KBC,볼트/너트,M8,개,309,794,,긴급출고대비,Q-24-5
전산볼트,대한,볼트/너트,M12x50,봉,3417,1747,,스텐사양,L-24-2
니들베어링,FAG,베어링,6305,세트,29,30865,,긴급출고대비,B-02-1
윤활방청제,불스원,케미칼,220ml,개,82,34276,,주력판매,F-08-6
멀티탭,서통,전기자재,50A,개,73,88654,,긴급출고대비,A-23-8
스프링와셔,세아체결,볼트/너트,M8,개,697,407,,,E-02-2
에어건,SP에어,에어공구,3/8인치,개,41,239665,,주력판매,S-17-8
차단기,대원전선,전기자재,20A,봉,29,51974,,현장요청품,Q-06-7
스프링와셔,삼성볼트,볼트/너트,M18x90,개,508,1244,,현장요청품,M-08-2
방진마스크,네파세이프티,안전용품,L,박스,20,23517,,표준재고,S-17-3
전산볼트,유진볼트,볼트/너트,M6x20,봉,4283,1109,,표준재고,S-02-3
리머,디월트,절삭공구,Φ10mm,세트,20,26262,,긴급출고대비,N-21-7
평와셔,유진볼트,볼트/너트,M6x20,봉,3361,1175,,표준재고,K-17-8
차단기,LS,전기자재,50A,롤,5,77250,,현장요청품,Q-03-8
실리콘실란트,불스원,케미칼,220ml,개,44,16598,,방청처리,B-06-8
테이퍼베어링,FAG,베어링,6201,개,26,11015,,재주문빈도높음,O-24-2
필로우블록,KOYO,베어링,6305,개,271,22075,,방청처리,B-08-5
용접와이어,현대,용접자재,1.2mm,개,25,27170,,,R-15-8
케이블타이,서통,전기자재,1.5SQ,개,53,37838,,재주문빈도높음,L-19-1
원형톱,계양,전동공구,950W,세트,21,104075,,재주문빈도높음,D-17-2
몽키스패너,베셀,수공구,6인치,세트,98,10162,,,L-15-5
플랩디스크,대성연마,연마공구,60방,박스,21,7194,,,F-07-7
에어라쳇,SP에어,에어공구,10m,개,38,170514,,,S-19-1
콤프레서호스,SP에어,에어공구,10m,개,31,48084,,재주문빈도높음,D-12-4
니들베어링,FAG,베어링,6204,개,233,49300,,,M-15-6
그라인더,보쉬,전동공구,12V,세트,27,237257,,고객주문대응,B-07-1
안전화,유한킴벌리,안전용품,270,켤레,241,3669,,재주문빈도높음,N-20-5
망치,베셀,수공구,세트,개,1,6946,,,N-08-7
실린더,베스코,유압기기,2m,개,18,379764,,고객주문대응,G-05-7
안전장갑,네파세이프티,안전용품,270,개,109,53565,,긴급출고대비,O-14-3
니퍼,베셀,수공구,세트,개,187,9126,,,A-03-5
실리콘실란트,불스원,케미칼,1L,캔,181,27240,,긴급출고대비,Q-02-7
평와셔,KBC,볼트/너트,M8,개,186,1428,,재주문빈도높음,G-23-8
원형톱,마끼다,전동공구,18V,대,21,260013,,고객주문대응,M-14-7
유압잭,besko,유압기기,20톤,개,1,125961,,현장요청품,T-01-7
망치,세신,수공구,10인치,세트,6,32168,,현장요청품,R-01-3
드라이버세트,토네,수공구,세트,개,41,68412,,주력판매,M-01-4
커터날,보쉬,절삭공구,8x75,개,123,30918,,재주문빈도높음,R-08-4
용접면,코리아웰드,용접자재,자동차광,세트,93,58862,,스텐사양,F-14-6
깊은홈베어링,SKF,베어링,6204,개,179,58393,,납기주의,T-07-8
엘보,KPF,배관자재,25A,개,95,13756,,납기주의,D-03-8
평와셔,삼성볼트,볼트/너트,M12x50,봉,1057,861,,주력판매,D-24-3
임팩드라이버,밀워키,전동공구,950W,대,27,83533,,납기주의,P-01-8
PVC파이프,KPF,배관자재,3m,롤,39,14636,,고객주문대응,D-06-5
가죽장갑,현대,용접자재,0.9mm,세트,148,80898,,,D-23-3
토크렌치,블루버드,측정공구,1/2인치,세트,4,106736,,긴급출고대비,H-09-1
PVC파이프,대한파이프,배관자재,40A,롤,1,32390,,고객주문대응,P-02-3
리머,와이지원,절삭공구,8x75,개,64,27985,,고객주문대응,E-04-7
망치,세신,수공구,세트,세트,75,17824,,스텐사양,M-01-1
육각너트,세아체결,볼트/너트,M6x20,봉,2200,342,,납기주의,T-09-5
육각너트,KBC,볼트/너트,M12x50,봉,4124,265,,고객주문대응,T-21-1
테이퍼베어링,FAG,베어링,6305,세트,17,41431,,주력판매,B-18-4
스프링와셔,유진볼트,볼트/너트,M16x80,개,725,1491,,현장요청품,J-18-4
안전장갑,3M,안전용품,260,박스,10,4037,,긴급출고대비,K-24-8
드릴비트,와이지원,절삭공구,Φ6mm,세트,186,22066,,재주문빈도높음,F-03-7
임팩드라이버,계양,전동공구,18V,대,7,146755,,납기주의,R-06-5
윤활방청제,불스원,케미칼,4L,개,144,39500,,재주문빈도높음,B-05-7
아이볼트,대한,볼트/너트,M10x30,개,988,1168,,방청처리,L-01-7
용접와이어,고려용접봉,용접자재,자동차광,개,307,27817,,주력판매,I-08-5
니들베어링,SKF,베어링,6204,개,25,21963,,현장요청품,H-15-4
그라인더,밀워키,전동공구,12V,세트,15,267623,,방청처리,P-10-7
스프링와셔,세아체결,볼트/너트,M16x80,개,636,74,,긴급출고대비,J-16-8
실리콘실란트,불스원,케미칼,420ml,캔,104,30804,,고객주문대응,O-14-2
토크렌치,블루버드,측정공구,40m,세트,146,74620,,현장요청품,G-02-1
플랩디스크,3M,연마공구,120방,박스,14,10387,,방청처리,O-17-1
절단석,노턴,연마공구,60방,박스,39,9948,,고객주문대응,A-17-7
육각볼트,삼성볼트,볼트/너트,M16x80,개,326,267,,고객주문대응,H-05-1
콤프레서호스,베스토,에어공구,10m,세트,7,178539,,표준재고,H-18-1
엘보,세진,배관자재,3m,롤,17,44597,,주력판매,N-09-5
임팩드라이버,보쉬,전동공구,20V MAX,대,28,245483,,현장요청품,C-09-1
멀티탭,LS,전기자재,1.5SQ,개,157,30409,,고객주문대응,F-18-5
전선,LS,전기자재,100mm,롤,10,12612,,납기주의,L-07-4
홀쏘,디월트,절삭공구,Φ6mm,세트,23,46091,,고객주문대응,R-20-7
압착단자,서통,전기자재,1.5SQ,롤,2,87782,,납기주의,Q-18-4
전산볼트,세아체결,볼트/너트,M12x50,봉,1410,820,,재주문빈도높음,F-05-6
홀쏘,마끼다,절삭공구,8x75,개,50,30312,,고객주문대응,P-01-8
윤활방청제,불스원,케미칼,360ml,통,46,3154,,주력판매,C-06-5
육각너트,삼성볼트,볼트/너트,M6x20,봉,2779,1514,,,R-12-6
용접면,세아ESAB,용접자재,4.0mm,개,59,7398,,현장요청품,B-10-2
몽키스패너,스탠리,수공구,세트,개,99,63938,,방청처리,M-11-3
용접면,고려용접봉,용접자재,0.9mm,개,119,43705,,스텐사양,A-14-2
니플,대한파이프,배관자재,2m,개,30,13433,,,E-02-3
멀티탭,LS,전기자재,20A,봉,74,112541,,재주문빈도높음,S-12-7
멀티탭,대원전선,전기자재,4SQ,롤,44,32279,,방청처리,H-23-2
레이저레벨,블루버드,측정공구,40m,개,44,70518,,,M-17-6
육각너트,삼성볼트,볼트/너트,M6x1000,개,47,440,,납기주의,H-19-1
임팩드라이버,마끼다,전동공구,20V MAX,세트,4,358912,,긴급출고대비,O-14-6
에어임팩,베스토,에어공구,1/2인치,세트,42,108174,,재주문빈도높음,M-02-7
안전화,3M,안전용품,L,개,186,39776,,현장요청품,L-02-2
리머,디월트,절삭공구,12x100,세트,155,34479,,현장요청품,P-15-5
차단기,LS,전기자재,100mm,봉,20,24866,,스텐사양,O-24-6
PVC파이프,대한파이프,배관자재,25A,개,26,32590,,표준재고,I-01-2
전산볼트,대한,볼트/너트,M6x20,봉,1021,94,,표준재고,I-22-8
엘보,대한파이프,배관자재,20A,개,206,26664,,,D-02-1
전선,대원전선,전기자재,1.5SQ,개,183,119535,,현장요청품,L-01-1
필로우블록,SKF,베어링,6201,개,44,52645,,,D-19-5
니플,세진,배관자재,3m,개,2,26408,,,K-18-4
홀쏘,보쉬,절삭공구,Φ10mm,세트,85,4759,,고객주문대응,H-17-4
임팩드라이버,계양,전동공구,750W,대,21,372762,,현장요청품,K-05-1
니퍼,베셀,수공구,6인치,개,63,17219,,,S-07-1
가죽장갑,고려용접봉,용접자재,2.6mm,세트,94,58816,,고객주문대응,O-10-7
가죽장갑,코리아웰드,용접자재,자동차광,개,121,72014,,납기주의,S-15-1
리머,마끼다,절삭공구,Φ8mm,세트,100,12907,,재주문빈도높음,G-07-1
에어건,토쿠,에어공구,10m,개,51,127841,,방청처리,P-04-7
줄자,블루버드,측정공구,1/2인치,개,26,178093,,표준재고,C-09-1
스프링와셔,대한,볼트/너트,M18x90,개,897,1436,,,D-21-5
해머드릴,마끼다,전동공구,750W,세트,15,421239,,,M-02-4
원형톱,계양,전동공구,12V,세트,22,329084,,납기주의,D-03-2
망치,스탠리,수공구,12인치,개,93,46191,,스텐사양,J-18-8
육각너트,세아체결,볼트/너트,M6x1000,봉,2557,1490,,긴급출고대비,F-09-7
콤프레서호스,베스토,에어공구,1/2인치,개,92,43889,,표준재고,O-23-8
용접면,고려용접봉,용접자재,2.6mm,세트,2,46992,,고객주문대응,D-15-7
충전드릴,마끼다,전동공구,950W,세트,53,480982,,현장요청품,J-07-3
스프링와셔,KBC,볼트/너트,M12x50,개,543,454,,현장요청품,F-18-2
PVC파이프,세진,배관자재,25A,롤,35,17427,,재주문빈도높음,L-20-8
디지털각도기,카프로,측정공구,300mm,세트,46,157551,,현장요청품,M-06-1
탭,디월트,절삭공구,Φ4mm,개,5,20850,,,M-22-7
깊은홈베어링,NSK,베어링,6202,개,19,56604,,납기주의,T-01-7
드릴비트,와이지원,절삭공구,Φ8mm,세트,89,5718,,주력판매,L-09-7
테이퍼베어링,SKF,베어링,30205,세트,9,47020,,현장요청품,T-23-3
케이블타이,3M,전기자재,50A,봉,52,102816,,재주문빈도높음,J-23-8
평와셔,삼성볼트,볼트/너트,M10x30,개,836,145,,고객주문대응,M-20-1
사포,보쉬,연마공구,60방,개,59,10969,,스텐사양,O-01-3
멀티탭,서통,전기자재,4SQ,개,35,54986,,,P-06-8
아이볼트,유진볼트,볼트/너트,M8,봉,4985,773,,현장요청품,D-23-3
육각너트,KBC,볼트/너트,M6x1000,개,721,1242,,,N-09-6
커터날,마끼다,절삭공구,Φ4mm,개,35,30176,,주력판매,G-11-5
필로우블록,KOYO,베어링,6201,세트,22,19625,,고객주문대응,C-01-2
커터날,와이지원,절삭공구,Φ8mm,세트,16,1359,,방청처리,R-11-1
케이블타이,대한전선,전기자재,20A,개,60,37754,,방청처리,H-19-2
가죽장갑,세아ESAB,용접자재,1.2mm,롤,9,19835,,,Q-21-2
부식제거제,나바켐,케미칼,500ml,통,139,32558,,현장요청품,B-19-3
실린더,besko,유압기기,3m,대,31,488157,,,Q-03-1
몽키스패너,세신,수공구,12인치,세트,57,66680,,스텐사양,A-03-3
멀티탭,대한전선,전기자재,1.5SQ,개,97,52255,,현장요청품,L-15-3
토크렌치,블루버드,측정공구,5m,개,75,31976,,,J-20-6
줄자,카프로,측정공구,5m,개,20,86352,,,E-19-4
연마석,보쉬,연마공구,4인치,박스,32,8159,,현장요청품,O-22-6
압착단자,대한전선,전기자재,20A,롤,5,34186,,긴급출고대비,J-02-3
전산볼트,대한,볼트/너트,M8,봉,2308,1574,,,T-05-1
나사고정제,나바켐,케미칼,420ml,통,31,18198,,표준재고,E-18-3
테이퍼베어링,KOYO,베어링,6204,개,35,56939,,표준재고,R-05-7
압착단자,대원전선,전기자재,2.5SQ,개,68,53454,,방청처리,Q-09-3
니들베어링,SKF,베어링,6201,세트,116,4933,,표준재고,P-01-8
리머,보쉬,절삭공구,8x75,세트,81,35193,,납기주의,R-18-5
차단기,대한전선,전기자재,100mm,개,44,10553,,납기주의,P-02-1
깊은홈베어링,SKF,베어링,6201,개,30,51169,,표준재고,O-22-1
플랩디스크,대성연마,연마공구,120방,개,87,6978,,고객주문대응,M-02-2
스프링와셔,삼성볼트,볼트/너트,M12x50,봉,4885,1147,,납기주의,H-07-4
안전화,K2,안전용품,L,박스,15,52075,,재주문빈도높음,O-24-5
파츠클리너,불스원,케미칼,220ml,통,279,3204,,표준재고,D-08-4
디지털각도기,블루버드,측정공구,1/2인치,세트,30,61269,,주력판매,B-20-1
나사고정제,WD-40,케미칼,220ml,통,138,34297,,표준재고,S-10-4
볼밸브,세진,배관자재,20A,개,6,40980,,현장요청품,B-03-7
엔드밀,와이지원,절삭공구,Φ8mm,개,391,21273,,고객주문대응,E-09-2
전선,LS,전기자재,50A,개,12,7077,,고객주문대응,O-20-4
용접면,세아ESAB,용접자재,3.2mm,개,84,35402,,긴급출고대비,A-03-5
드라이버세트,베셀,수공구,10인치,개,141,70653,,긴급출고대비,P-06-3
육각너트,대한,볼트/너트,M16x80,개,775,1000,,스텐사양,N-15-3
플라이어,토네,수공구,12인치,개,157,62818,,스텐사양,N-18-7
파츠클리너,WD-40,케미칼,360ml,캔,11,25496,,주력판매,O-04-1
그라인더,디월트,전동공구,750W,대,6,151398,,긴급출고대비,S-03-8
용접면,코리아웰드,용접자재,4.0mm,개,10,34819,,재주문빈도높음,M-16-6
부식제거제,WD-40,케미칼,1L,통,134,10895,,방청처리,C-21-6
충전드릴,밀워키,전동공구,20V MAX,대,35,377502,,납기주의,S-10-4
용접봉,세아ESAB,용접자재,자동차광,세트,209,40138,,주력판매,J-05-3
사포,노턴,연마공구,4인치,박스,35,5227,,고객주문대응,G-20-8
엘보,세진,배관자재,15A,롤,4,17181,,재주문빈도높음,S-04-3
유압호스,에너팩,유압기기,2m,세트,9,322061,,재주문빈도높음,E-24-1
용접면,코리아웰드,용접자재,3.2mm,롤,26,68002,,재주문빈도높음,B-18-1
부식제거제,WD-40,케미칼,220ml,통,21,3835,,긴급출고대비,A-18-6
보안경,K2,안전용품,XL,켤레,193,57008,,주력판매,G-20-1
실리콘실란트,WD-40,케미칼,4L,개,15,32090,,긴급출고대비,B-03-3
아이볼트,KBC,볼트/너트,M6x1000,개,1285,914,,,L-08-3
커터날,와이지원,절삭공구,Φ6mm,세트,41,14332,,납기주의,A-12-7
파츠클리너,록타이트,케미칼,4L,개,95,19526,,스텐사양,P-01-5
그라인더,계양,전동공구,12V,세트,13,148082,,스텐사양,S-18-4
버니어캘리퍼스,미스토요,측정공구,40m,세트,4,21342,,,H-10-1
레이저레벨,신콘,측정공구,300mm,개,9,175699,,재주문빈도높음,A-05-5
니플,KPF,배관자재,20A,롤,9,4468,,현장요청품,K-12-8
용접봉,코리아웰드,용접자재,0.9mm,세트,137,15838,,표준재고,N-01-6
용접봉,현대,용접자재,3.2mm,개,6,26138,,표준재고,B-03-2
안전화,네파세이프티,안전용품,XL,개,3,14338,,고객주문대응,R-10-5
압착단자,대원전선,전기자재,20A,롤,29,25377,,긴급출고대비,O-03-5
토크렌치,신콘,측정공구,300mm,개,35,25830,,방청처리,B-09-1
압착단자,3M,전기자재,50A,롤,45,110332,,,Q-01-6
엘보,KPF,배관자재,3m,개,60,21761,,긴급출고대비,J-11-2
깊은홈베어링,FAG,베어링,30205,세트,43,15575,,스텐사양,C-21-2
유압잭,베스코,유압기기,5톤,대,13,309477,,,J-13-3
실리콘호스,KPF,배관자재,40A,롤,2,35984,,주력판매,H-15-3
줄자,카프로,측정공구,10m,개,96,62128,,주력판매,S-03-8
엔드밀,디월트,절삭공구,12x100,개,24,27873,,고객주문대응,S-17-4
볼밸브,세진,배관자재,25A,롤,27,28344,,재주문빈도높음,S-18-6
탭,마끼다,절삭공구,Φ6mm,개,5,33655,,고객주문대응,N-09-6
앙카볼트,유진볼트,볼트/너트,M18x90,봉,2044,160,,주력판매,N-18-8
용접와이어,현대,용접자재,자동차광,롤,19,46297,,,N-06-7
버니어캘리퍼스,미스토요,측정공구,5m,개,76,114758,,고객주문대응,I-09-4
니퍼,토네,수공구,6인치,개,80,40361,,스텐사양,L-08-7
육각너트,유진볼트,볼트/너트,M18x90,봉,1722,706,,방청처리,R-14-6
레이저레벨,블루버드,측정공구,10m,개,108,49207,,재주문빈도높음,Q-01-1
평와셔,유진볼트,볼트/너트,M12x50,개,1025,464,,재주문빈도높음,K-10-4
필로우블록,NSK,베어링,6305,개,85,55468,,방청처리,H-24-5
전선,대원전선,전기자재,2.5SQ,봉,23,49205,,납기주의,R-18-1
사포,3M,연마공구,5인치,개,29,13975,,주력판매,A-15-4
연마석,노턴,연마공구,80방,박스,1,12559,,고객주문대응,E-13-6
아이볼트,KBC,볼트/너트,M8,개,112,1407,,긴급출고대비,D-19-4
유압호스,에너팩,유압기기,2톤,대,20,265485,,납기주의,G-06-4
전선,대한전선,전기자재,1.5SQ,개,125,32469,,현장요청품,P-20-2
플랩디스크,노턴,연마공구,5인치,개,170,10451,,,I-20-3
연마석,3M,연마공구,4인치,박스,19,3811,,고객주문대응,L-07-4
전선,대원전선,전기자재,50A,봉,3,91277,,방청처리,J-20-2
니플,KPF,배관자재,40A,롤,25,35354,,,I-15-8
앙카볼트,대한,볼트/너트,M8,개,455,845,,표준재고,N-13-7
레이저레벨,신콘,측정공구,150mm,개,217,33208,,방청처리,T-23-7
압착단자,LS,전기자재,20A,롤,4,78520,,납기주의,B-20-6
아이볼트,세아체결,볼트/너트,M10x30,봉,1461,84,,현장요청품,C-10-3
플랩디스크,3M,연마공구,5인치,박스,43,10074,,스텐사양,F-12-5
버니어캘리퍼스,블루버드,측정공구,5m,세트,231,65373,,고객주문대응,N-08-4
안전장갑,네파세이프티,안전용품,260,켤레,115,73162,,재주문빈도높음,F-18-2
충전드릴,디월트,전동공구,950W,대,5,375630,,방청처리,M-07-5
망치,스탠리,수공구,10인치,세트,47,42600,,,Q-05-1
케이블타이,LS,전기자재,1.5SQ,봉,12,32783,,현장요청품,A-16-6
토크렌치,카프로,측정공구,1/2인치,세트,28,158201,,현장요청품,D-16-6
드라이버세트,세신,수공구,8인치,개,52,23026,,방청처리,P-12-8
망치,스탠리,수공구,세트,세트,35,40891,,재주문빈도높음,B-03-2
압착단자,대원전선,전기자재,4SQ,롤,51,22725,,납기주의,T-04-8
드릴비트,마끼다,절삭공구,8x75,개,115,31585,,현장요청품,T-21-4
용접봉,고려용접봉,용접자재,1.2mm,세트,29,80887,,스텐사양,K-06-7
아이볼트,유진볼트,볼트/너트,M12x50,개,793,1085,,현장요청품,B-14-5
육각너트,삼성볼트,볼트/너트,M16x80,봉,3007,223,,표준재고,P-12-8
압착단자,대한전선,전기자재,100mm,롤,39,113842,,주력판매,L-21-6
가죽장갑,세아ESAB,용접자재,0.9mm,개,200,60732,,방청처리,M-20-1
레이저레벨,미스토요,측정공구,5m,세트,43,133330,,긴급출고대비,R-11-6
멀티탭,3M,전기자재,50A,롤,5,73881,,,M-05-4
디지털각도기,미스토요,측정공구,5m,개,269,176017,,현장요청품,I-24-2
유압잭,에너팩,유압기기,5톤,세트,13,438122,,납기주의,M-09-3
토크렌치,블루버드,측정공구,10m,세트,93,159820,,방청처리,S-08-8
유압잭,에너팩,유압기기,2m,세트,4,477154,,표준재고,G-14-7
아이볼트,유진볼트,볼트/너트,M16x80,봉,706,1585,,,K-19-8
전산볼트,세아체결,볼트/너트,M8,봉,3103,1242,,스텐사양,S-01-1
육각볼트,KBC,볼트/너트,M6x1000,봉,245,1425,,고객주문대응,N-01-2
방진마스크,유한킴벌리,안전용품,L,개,214,4618,,고객주문대응,M-11-3
몽키스패너,세신,수공구,6인치,세트,56,20500,,고객주문대응,J-08-1
차단기,대원전선,전기자재,4SQ,봉,34,37274,,고객주문대응,K-12-4
앙카볼트,유진볼트,볼트/너트,M6x20,봉,842,907,,스텐사양,R-22-6
볼밸브,대한파이프,배관자재,15A,개,109,18378,,주력판매,E-11-6
커터날,보쉬,절삭공구,Φ4mm,세트,43,29001,,표준재고,L-15-5
커터날,마끼다,절삭공구,12x100,세트,125,20002,,,C-20-6
육각너트,유진볼트,볼트/너트,M16x80,봉,1235,1419,,표준재고,P-12-8
용접면,고려용접봉,용접자재,4.0mm,개,134,70577,,스텐사양,E-05-4
엘보,대한파이프,배관자재,3m,개,20,10491,,긴급출고대비,D-24-1
케이블타이,대한전선,전기자재,1.5SQ,롤,33,104948,,긴급출고대비,P-01-1
용접봉,고려용접봉,용접자재,0.9mm,개,74,31024,,스텐사양,B-02-1
리머,보쉬,절삭공구,Φ4mm,세트,125,36266,,표준재고,F-04-4
전선,3M,전기자재,1.5SQ,개,96,13047,,표준재고,S-24-8
안전화,유한킴벌리,안전용품,L,개,3,46126,,고객주문대응,K-10-6
나사고정제,WD-40,케미칼,500ml,통,59,2128,,현장요청품,O-19-4
전산볼트,대한,볼트/너트,M18x90,봉,1515,890,,스텐사양,J-04-7
커터날,디월트,절삭공구,8x75,세트,33,28469,,스텐사양,G-02-5
에어건,토쿠,에어공구,1/2인치,세트,96,37506,,고객주문대응,R-13-3
실린더,베스코,유압기기,2톤,대,6,432871,,주력판매,M-07-7
육각볼트,KBC,볼트/너트,M8,개,129,1555,,납기주의,M-18-2
리머,와이지원,절삭공구,Φ4mm,개,213,33373,,,A-23-8
줄자,카프로,측정공구,1/2인치,세트,7,57909,,,K-02-7
육각볼트,세아체결,볼트/너트,M8,개,1066,1018,,긴급출고대비,R-10-2
육각볼트,대한,볼트/너트,M8,봉,1691,259,,재주문빈도높음,E-24-8
콤프레서호스,SP에어,에어공구,1/4인치,세트,318,82714,,,G-07-8
케이블타이,대한전선,전기자재,4SQ,개,260,28535,,납기주의,Q-07-5
차단기,LS,전기자재,1.5SQ,봉,9,92046,,스텐사양,G-11-8
커터날,마끼다,절삭공구,8x75,세트,125,22969,,표준재고,H-12-8
홀쏘,보쉬,절삭공구,Φ4mm,세트,132,26946,,현장요청품,H-24-8
보안경,유한킴벌리,안전용품,260,켤레,23,26321,,표준재고,O-24-6
드릴비트,마끼다,절삭공구,Φ4mm,개,62,38368,,표준재고,T-04-8
보안경,유한킴벌리,안전용품,L,켤레,144,32349,,납기주의,G-08-3
육각너트,KBC,볼트/너트,M16x80,개,918,591,,재주문빈도높음,P-05-6
그라인더,보쉬,전동공구,18V,세트,14,218908,,,A-18-6
필로우블록,NSK,베어링,6204,개,25,36714,,긴급출고대비,S-10-2
망치,스탠리,수공구,8인치,세트,31,8058,,방청처리,G-24-4
탭,마끼다,절삭공구,8x75,세트,84,20166,,방청처리,Q-19-8
육각너트,세아체결,볼트/너트,M8,개,991,1044,,현장요청품,P-15-4
실리콘호스,대한파이프,배관자재,25A,개,35,44925,,재주문빈도높음,I-16-3
실리콘실란트,나바켐,케미칼,4L,캔,20,20030,,납기주의,H-17-2
앙카볼트,세아체결,볼트/너트,M18x90,봉,196,805,,현장요청품,C-07-5
에어라쳇,잉가솔랜드,에어공구,10m,세트,40,72566,,재주문빈도높음,O-05-3
가죽장갑,현대,용접자재,2.6mm,세트,10,79181,,현장요청품,R-16-7
필로우블록,FAG,베어링,6204,개,7,10886,,주력판매,M-10-3
깊은홈베어링,FAG,베어링,6202,개,41,81590,,,F-20-6
토크렌치,블루버드,측정공구,300mm,세트,49,112440,,표준재고,S-16-5
스프링와셔,대한,볼트/너트,M16x80,봉,2897,1292,,재주문빈도높음,T-15-2
육각너트,세아체결,볼트/너트,M12x50,봉,3735,1236,,현장요청품,B-11-2
에어임팩,잉가솔랜드,에어공구,3/8인치,세트,89,133476,,주력판매,I-06-8
스프링와셔,세아체결,볼트/너트,M10x30,봉,2219,624,,스텐사양,C-08-2
육각너트,세아체결,볼트/너트,M18x90,개,553,439,,,M-10-8
깊은홈베어링,SKF,베어링,6202,세트,110,13545,,주력판매,F-11-8
토크렌치,미스토요,측정공구,5m,세트,238,172290,,납기주의,F-18-8
커터날,와이지원,절삭공구,8x75,개,240,32657,,현장요청품,P-22-8
레이저레벨,신콘,측정공구,40m,세트,113,39714,,재주문빈도높음,M-02-7
안전화,네파세이프티,안전용품,270,박스,27,5267,,,J-04-6
실리콘실란트,록타이트,케미칼,4L,통,71,23552,,현장요청품,F-01-6
커터날,디월트,절삭공구,Φ4mm,세트,10,10646,,납기주의,O-09-4
테이퍼베어링,NSK,베어링,6204,세트,82,42306,,주력판매,D-04-1
방진마스크,유한킴벌리,안전용품,XL,켤레,37,40319,,긴급출고대비,G-04-2
레이저레벨,미스토요,측정공구,300mm,세트,14,13993,,표준재고,H-24-3
실리콘호스,KPF,배관자재,3m,롤,6,18093,,,C-22-7
드릴비트,보쉬,절삭공구,Φ4mm,세트,119,42232,,스텐사양,S-08-3
홀쏘,마끼다,절삭공구,Φ8mm,세트,72,16371,,,S-02-8
부식제거제,불스원,케미칼,420ml,통,44,9140,,스텐사양,T-22-3
용접봉,현대,용접자재,1.2mm,세트,79,66319,,재주문빈도높음,B-21-1
충전드릴,밀워키,전동공구,18V,대,18,233569,,스텐사양,E-01-6
충전드릴,보쉬,전동공구,18V,대,17,286278,,방청처리,K-05-2
용접면,코리아웰드,용접자재,0.9mm,세트,29,46466,,주력판매,H-11-8
레이저레벨,카프로,측정공구,10m,개,255,170567,,,F-12-8
방진마스크,유한킴벌리,안전용품,260,켤레,25,12872,,주력판매,R-20-6
필로우블록,SKF,베어링,6204,개,108,9783,,표준재고,F-20-6
임팩드라이버,디월트,전동공구,20V MAX,세트,20,125423,,표준재고,E-10-4
앙카볼트,KBC,볼트/너트,M6x20,개,408,1261,,표준재고,F-15-3
사포,3M,연마공구,80방,개,192,3848,,납기주의,G-05-5
니퍼,베셀,수공구,10인치,개,95,33989,,주력판매,K-03-8
평와셔,유진볼트,볼트/너트,M8,봉,3942,1340,,납기주의,A-02-6
볼밸브,대한파이프,배관자재,3m,개,194,52467,,스텐사양,H-02-3
에어건,SP에어,에어공구,1/4인치,개,28,204656,,고객주문대응,D-12-7
몽키스패너,스탠리,수공구,6인치,세트,30,46019,,재주문빈도높음,N-23-4
드라이버세트,세신,수공구,10인치,개,15,56969,,현장요청품,D-17-4
그라인더,계양,전동공구,750W,세트,5,61082,,재주문빈도높음,J-09-1
그라인더,보쉬,전동공구,750W,대,2,518417,,스텐사양,P-03-1
차단기,대한전선,전기자재,50A,개,62,29599,,납기주의,G-11-3
임팩드라이버,디월트,전동공구,950W,세트,8,257437,,주력판매,A-21-8
스프링와셔,대한,볼트/너트,M6x1000,봉,2419,372,,스텐사양,A-18-7
탭,보쉬,절삭공구,Φ10mm,세트,48,14100,,고객주문대응,G-24-4
케이블타이,대한전선,전기자재,50A,봉,36,55339,,표준재고,K-08-6
안전화,3M,안전용품,260,박스,10,46168,,주력판매,F-09-7
실리콘실란트,나바켐,케미칼,500ml,통,122,11715,,납기주의,S-17-4
그라인더,디월트,전동공구,18V,세트,44,111239,,스텐사양,B-20-5
평와셔,대한,볼트/너트,M10x30,봉,905,41,,긴급출고대비,E-22-7
원형톱,보쉬,전동공구,750W,세트,22,149992,,주력판매,D-09-6
유압호스,besko,유압기기,3m,대,28,452704,,,L-08-5
홀쏘,디월트,절삭공구,8x75,세트,58,28034,,긴급출고대비,R-01-7
리머,마끼다,절삭공구,12x100,개,27,15015,,납기주의,R-24-3
윤활방청제,나바켐,케미칼,420ml,통,203,31236,,,C-20-3
유압호스,besko,유압기기,2m,대,1,110178,,납기주의,A-03-8
엔드밀,디월트,절삭공구,Φ10mm,세트,40,3450,,현장요청품,B-13-1
임팩드라이버,디월트,전동공구,12V,대,46,70058,,재주문빈도높음,D-24-6
부식제거제,불스원,케미칼,1L,캔,107,18314,,방청처리,C-02-6
디지털각도기,신콘,측정공구,300mm,세트,13,208163,,,M-08-3
콤프레서호스,베스토,에어공구,1/4인치,개,17,122631,,납기주의,N-24-3
평와셔,대한,볼트/너트,M6x20,봉,4497,926,,고객주문대응,I-09-1
에어임팩,토쿠,에어공구,1/4인치,세트,63,106343,,방청처리,D-21-6
레이저레벨,신콘,측정공구,10m,개,196,35358,,,N-12-7
해머드릴,계양,전동공구,18V,대,16,72596,,표준재고,D-18-6
해머드릴,마끼다,전동공구,18V,대,3,313820,,고객주문대응,T-04-8
리머,마끼다,절삭공구,Φ4mm,개,37,24844,,표준재고,M-09-4
나사고정제,록타이트,케미칼,360ml,캔,31,7969,,,E-14-6
연마석,대성연마,연마공구,80방,박스,3,8360,,표준재고,J-18-5
토크렌치,신콘,측정공구,40m,개,126,108185,,긴급출고대비,T-24-2
플라이어,세신,수공구,8인치,개,41,51150,,고객주문대응,I-19-5
스프링와셔,KBC,볼트/너트,M18x90,봉,2102,1718,,현장요청품,E-09-5
사포,노턴,연마공구,120방,박스,1,4161,,표준재고,A-19-6
방진마스크,3M,안전용품,M,박스,20,50469,,주력판매,J-12-1
육각볼트,대한,볼트/너트,M10x30,봉,4664,317,,주력판매,R-11-1
용접면,세아ESAB,용접자재,2.6mm,세트,146,80019,,재주문빈도높음,O-13-5
절단석,3M,연마공구,4인치,박스,14,9551,,방청처리,Q-15-6
실리콘실란트,나바켐,케미칼,220ml,통,130,21068,,,O-09-6
탭,보쉬,절삭공구,8x75,개,45,36659,,스텐사양,R-18-3
차단기,LS,전기자재,2.5SQ,개,258,53408,,재주문빈도높음,P-03-4
니퍼,세신,수공구,10인치,세트,86,63615,,,C-07-3
몽키스패너,토네,수공구,6인치,세트,15,58049,,납기주의,L-22-1
그라인더,마끼다,전동공구,750W,대,26,257153,,표준재고,G-01-2
용접면,코리아웰드,용접자재,1.2mm,개,82,26065,,,A-21-4
실리콘실란트,나바켐,케미칼,1L,통,98,4447,,긴급출고대비,A-12-7
충전드릴,보쉬,전동공구,20V MAX,세트,39,420809,,재주문빈도높음,K-16-4
앙카볼트,세아체결,볼트/너트,M16x80,개,67,1483,,재주문빈도높음,A-22-7
니들베어링,FAG,베어링,6202,세트,13,5297,,방청처리,Q-24-7
레이저레벨,미스토요,측정공구,40m,개,86,140123,,고객주문대응,H-19-8
유압호스,besko,유압기기,10톤,세트,45,443552,,주력판매,I-09-1
평와셔,세아체결,볼트/너트,M6x20,봉,3078,688,,현장요청품,L-11-7
엘보,대한파이프,배관자재,2m,개,106,33863,,표준재고,A-11-1
안전화,K2,안전용품,260,박스,2,38156,,납기주의,I-19-4
홀쏘,디월트,절삭공구,Φ8mm,개,5,40767,,방청처리,B-15-4
평와셔,KBC,볼트/너트,M12x50,봉,1738,1048,,,P-16-3
육각볼트,KBC,볼트/너트,M10x30,개,115,303,,,K-23-7
용접봉,고려용접봉,용접자재,2.6mm,롤,55,18887,,,T-17-1
육각너트,대한,볼트/너트,M8,봉,5513,238,,표준재고,M-04-1
콤프레서호스,토쿠,에어공구,10m,개,216,115268,,표준재고,D-24-3
필로우블록,FAG,베어링,30205,개,93,41044,,납기주의,E-01-6
에어임팩,SP에어,에어공구,1/2인치,개,48,95118,,,O-19-2
홀쏘,마끼다,절삭공구,Φ10mm,세트,32,40251,,현장요청품,R-24-3
방진마스크,네파세이프티,안전용품,M,개,281,86482,,스텐사양,M-08-6
나사고정제,나바켐,케미칼,500ml,개,13,27415,,방청처리,K-22-2
엔드밀,마끼다,절삭공구,Φ4mm,개,41,3282,,현장요청품,O-01-2
깊은홈베어링,FAG,베어링,6305,개,96,57327,,스텐사양,B-22-3
육각볼트,KBC,볼트/너트,M18x90,개,1194,41,,,C-24-6
실린더,베스코,유압기기,3m,세트,32,458061,,방청처리,Q-24-5
용접와이어,세아ESAB,용접자재,4.0mm,롤,19,25984,,스텐사양,J-18-6
연마석,노턴,연마공구,4인치,개,57,3612,,현장요청품,T-10-1
토크렌치,미스토요,측정공구,1/2인치,세트,140,144318,,재주문빈도높음,J-19-7
용접와이어,코리아웰드,용접자재,1.2mm,개,63,28967,,표준재고,E-18-2
멀티탭,3M,전기자재,4SQ,봉,6,17196,,고객주문대응,L-01-5
보안경,네파세이프티,안전용품,260,개,179,36079,,,O-19-6
줄자,신콘,측정공구,1/2인치,개,209,133583,,,F-01-3
용접와이어,세아ESAB,용접자재,0.9mm,개,8,5942,,스텐사양,L-05-7
나사고정제,록타이트,케미칼,500ml,캔,78,6275,,스텐사양,P-09-4
에어라쳇,잉가솔랜드,에어공구,1/2인치,개,25,36376,,스텐사양,J-05-1
필로우블록,FAG,베어링,6305,세트,40,74241,,납기주의,J-13-3
몽키스패너,토네,수공구,12인치,개,142,48678,,고객주문대응,Q-10-3
볼밸브,KPF,배관자재,15A,롤,8,35970,,현장요청품,D-06-8
멀티탭,서통,전기자재,2.5SQ,봉,36,22803,,주력판매,T-24-1
홀쏘,마끼다,절삭공구,Φ4mm,세트,134,39302,,납기주의,C-06-1
그라인더,밀워키,전동공구,20V MAX,대,21,508429,,고객주문대응,S-14-4
망치,베셀,수공구,6인치,세트,14,64511,,스텐사양,S-21-5
윤활방청제,불스원,케미칼,420ml,개,168,37361,,방청처리,K-17-3
멀티탭,3M,전기자재,1.5SQ,봉,5,84558,,현장요청품,P-09-1
디지털각도기,카프로,측정공구,10m,개,182,101349,,긴급출고대비,S-15-5
리머,디월트,절삭공구,Φ6mm,세트,305,28430,,납기주의,T-16-4
전선,대원전선,전기자재,20A,개,71,107411,,스텐사양,C-24-1
절단석,대성연마,연마공구,5인치,개,108,5419,,스텐사양,O-20-5
용접봉,고려용접봉,용접자재,4.0mm,세트,22,28985,,주력판매,O-12-8
케이블타이,서통,전기자재,100mm,개,151,46395,,긴급출고대비,A-12-3
전산볼트,삼성볼트,볼트/너트,M6x1000,봉,1439,1000,,방청처리,B-23-1
앙카볼트,대한,볼트/너트,M12x50,봉,1947,631,,주력판매,D-16-4
드라이버세트,베셀,수공구,8인치,개,52,36770,,표준재고,P-24-5
임팩드라이버,마끼다,전동공구,950W,대,17,423160,,표준재고,L-23-5
나사고정제,록타이트,케미칼,220ml,통,242,27914,,현장요청품,A-18-1
용접봉,세아ESAB,용접자재,0.9mm,개,14,17076,,방청처리,D-21-7
앙카볼트,유진볼트,볼트/너트,M10x30,개,602,1207,,현장요청품,F-02-1
육각너트,삼성볼트,볼트/너트,M8,봉,1852,846,,스텐사양,M-11-6
평와셔,세아체결,볼트/너트,M10x30,개,254,280,,,H-15-5
보안경,3M,안전용품,270,켤레,146,43576,,현장요청품,S-07-2
멀티탭,3M,전기자재,2.5SQ,롤,5,11947,,,J-23-3
깊은홈베어링,NSK,베어링,UCP205,세트,143,54630,,납기주의,L-20-5
부식제거제,WD-40,케미칼,360ml,캔,260,11102,,,D-12-7
파츠클리너,나바켐,케미칼,360ml,개,140,14635,,스텐사양,K-23-6
육각볼트,삼성볼트,볼트/너트,M6x20,개,447,522,,스텐사양,J-05-2
해머드릴,마끼다,전동공구,950W,세트,13,200102,,,S-07-3
나사고정제,불스원,케미칼,1L,캔,39,19143,,,O-09-4
전선,서통,전기자재,2.5SQ,봉,12,6853,,긴급출고대비,L-02-7
나사고정제,록타이트,케미칼,1L,개,4,4856,,스텐사양,T-10-1
드릴비트,보쉬,절삭공구,Φ8mm,세트,23,28597,,납기주의,Q-13-7
나사고정제,나바켐,케미칼,360ml,통,300,27473,,표준재고,I-06-8
윤활방청제,나바켐,케미칼,1L,캔,67,29757,,현장요청품,H-19-2
깊은홈베어링,NSK,베어링,6305,개,12,9285,,납기주의,T-17-4
실리콘실란트,록타이트,케미칼,220ml,캔,112,33719,,방청처리,I-16-8
